予約数,利用日
1,2024/10/17
1,2024/10/17
1,2024/10/17
1,2024/10/17
1,2024/10/17
1,2024/10/17
1,2024/10/17
1,2024/10/17
1,2024/10/17
2,2024/10/17
1,2024/10/17
1,2024/10/17
1,2024/10/17
1,2024/10/16
1,2024/10/17
2,2024/10/16
1,2024/10/16
2,2024/10/16
1,2024/10/16
2,2024/10/17
2,2024/10/16
1,2024/10/16
1,2024/10/16
1,2024/10/16
1,2024/10/16
2,2024/10/16
1,2024/10/16
1,2024/10/16
1,2024/10/16
2,2024/10/16
1,2024/10/16
4,2024/10/17
2,2024/10/16
2,2024/10/16
2,2024/10/16
1,2024/10/16
1,2024/10/17
1,2024/10/16
1,2024/10/16
3,2024/10/15
2,2024/10/15
1,2024/10/15
1,2024/10/15
2,2024/10/15
1,2024/10/15
1,2024/10/16
2,2024/10/15
1,2024/10/15
1,2024/10/15
1,2024/10/15
1,2024/10/15
1,2024/10/16
1,2024/10/15
1,2024/10/15
1,2024/10/15
2,2024/10/15
1,2024/10/15
1,2024/10/15
3,2024/10/15
1,2024/10/15
1,2024/10/17
2,2024/10/15
2,2024/10/16
1,2024/10/15
1,2024/10/15
1,2024/10/15
1,2024/10/15
2,2024/10/15
2,2024/10/17
2,2024/10/15
2,2024/10/15
1,2024/10/15
1,2024/10/15
2,2024/10/17
1,2024/10/13
1,2024/10/13
2,2024/10/13
2,2024/10/13
1,2024/10/13
1,2024/10/13
1,2024/10/13
3,2024/10/13
1,2024/10/13
1,2024/10/13
1,2024/10/13
2,2024/10/13
1,2024/10/13
1,2024/10/13
1,2024/10/13
1,2024/10/13
2,2024/10/13
1,2024/10/13
1,2024/10/13
1,2024/10/13
1,2024/10/15
2,2024/10/13
1,2024/10/13
1,2024/10/13
1,2024/10/13
1,2024/10/13
2,2024/10/13
3,2024/10/13
2,2024/10/13
1,2024/10/13
1,2024/10/13
1,2024/10/13
2,2024/10/13
2,2024/10/13
1,2024/10/13
2,2024/10/13
1,2024/10/13
2,2024/10/13
1,2024/10/13
1,2024/10/13
1,2024/10/13
1,2024/10/13
2,2024/10/13
2,2024/10/13
2,2024/10/13
1,2024/10/13
2,2024/10/13
1,2024/10/17
2,2024/10/13
1,2024/10/13
1,2024/10/13
2,2024/10/13
1,2024/10/13
1,2024/10/13
1,2024/10/13
2,2024/10/13
2,2024/10/13
1,2024/10/13
1,2024/10/13
1,2024/10/13
1,2024/10/13
1,2024/10/13
1,2024/10/13
1,2024/10/13
2,2024/10/16
1,2024/10/15
1,2024/10/12
2,2024/10/13
2,2024/10/12
1,2024/10/12
2,2024/10/13
1,2024/10/12
2,2024/10/12
1,2024/10/13
1,2024/10/12
2,2024/10/12
2,2024/10/12
1,2024/10/12
3,2024/10/12
1,2024/10/12
1,2024/10/12
1,2024/10/12
2,2024/10/12
1,2024/10/12
1,2024/10/12
2,2024/10/12
2,2024/10/12
2,2024/10/12
1,2024/10/12
1,2024/10/12
1,2024/10/12
1,2024/10/12
1,2024/10/12
1,2024/10/12
1,2024/10/12
1,2024/10/12
1,2024/10/12
2,2024/10/12
2,2024/10/12
2,2024/10/12
2,2024/10/13
1,2024/10/12
1,2024/10/12
2,2024/10/12
2,2024/10/12
2,2024/10/12
1,2024/10/17
2,2024/10/12
1,2024/10/13
1,2024/10/12
1,2024/10/11
1,2024/10/16
2,2024/10/11
1,2024/10/11
1,2024/10/11
2,2024/10/11
2,2024/10/11
2,2024/10/11
1,2024/10/11
1,2024/10/11
1,2024/10/11
1,2024/10/11
1,2024/10/11
1,2024/10/11
1,2024/10/11
1,2024/10/11
2,2024/10/11
1,2024/10/11
1,2024/10/11
2,2024/10/15
1,2024/10/11
1,2024/10/11
1,2024/10/11
2,2024/10/13
1,2024/10/11
1,2024/10/11
1,2024/10/15
2,2024/10/10
2,2024/10/10
1,2024/10/10
1,2024/10/10
1,2024/10/10
4,2024/10/10
2,2024/10/10
2,2024/10/10
1,2024/10/10
1,2024/10/10
1,2024/10/10
1,2024/10/10
1,2024/10/10
1,2024/10/10
2,2024/10/10
2,2024/10/10
2,2024/10/12
1,2024/10/10
1,2024/10/10
1,2024/10/10
1,2024/10/10
1,2024/10/10
3,2024/10/10
2,2024/10/11
2,2024/10/10
1,2024/10/13
2,2024/10/13
1,2024/10/12
2,2024/10/10
2,2024/10/10
2,2024/10/10
2,2024/10/12
2,2024/10/10
2,2024/10/09
2,2024/10/09
1,2024/10/09
1,2024/10/09
1,2024/10/12
1,2024/10/09
1,2024/10/09
1,2024/10/09
2,2024/10/09
2,2024/10/09
1,2024/10/13
1,2024/10/10
1,2024/10/09
1,2024/10/09
2,2024/10/09
2,2024/10/09
2,2024/10/09
1,2024/10/09
1,2024/10/16
1,2024/10/09
2,2024/10/12
1,2024/10/12
2,2024/10/08
1,2024/10/08
1,2024/10/08
3,2024/10/08
1,2024/10/08
1,2024/10/11
1,2024/10/08
1,2024/10/08
3,2024/10/08
2,2024/10/08
1,2024/10/08
1,2024/10/08
1,2024/10/08
1,2024/10/08
2,2024/10/13
1,2024/10/08
1,2024/10/12
1,2024/10/12
1,2024/10/13
2,2024/10/15
1,2024/10/08
1,2024/10/11
2,2024/10/13
2,2024/10/08
1,2024/10/12
1,2024/10/06
1,2024/10/06
1,2024/10/06
1,2024/10/06
2,2024/10/09
1,2024/10/06
1,2024/10/06
2,2024/10/06
1,2024/10/06
1,2024/10/06
1,2024/10/06
1,2024/10/06
2,2024/10/06
2,2024/10/06
3,2024/10/06
1,2024/10/06
2,2024/10/06
1,2024/10/06
1,2024/10/06
1,2024/10/09
1,2024/10/06
2,2024/10/06
1,2024/10/06
1,2024/10/06
1,2024/10/06
1,2024/10/06
2,2024/10/06
1,2024/10/06
2,2024/10/06
2,2024/10/06
2,2024/10/06
2,2024/10/09
1,2024/10/09
1,2024/10/09
1,2024/10/06
2,2024/10/06
1,2024/10/13
2,2024/10/06
1,2024/10/06
2,2024/10/12
1,2024/10/06
1,2024/10/09
1,2024/10/06
1,2024/10/06
1,2024/10/06
1,2024/10/06
1,2024/10/05
2,2024/10/05
2,2024/10/06
1,2024/10/06
1,2024/10/05
1,2024/10/05
4,2024/10/05
1,2024/10/05
2,2024/10/05
1,2024/10/05
1,2024/10/05
2,2024/10/05
2,2024/10/05
1,2024/10/05
1,2024/10/05
3,2024/10/05
2,2024/10/05
2,2024/10/05
2,2024/10/05
1,2024/10/05
1,2024/10/05
1,2024/10/05
1,2024/10/05
2,2024/10/05
2,2024/10/05
1,2024/10/05
1,2024/10/05
1,2024/10/05
1,2024/10/05
1,2024/10/05
1,2024/10/05
1,2024/10/05
1,2024/10/05
1,2024/10/05
2,2024/10/05
1,2024/10/06
2,2024/10/05
1,2024/10/05
1,2024/10/05
1,2024/10/05
1,2024/10/05
1,2024/10/05
1,2024/10/16
1,2024/10/05
1,2024/10/06
1,2024/10/06
2,2024/10/05
2,2024/10/05
2,2024/10/05
2,2024/10/05
2,2024/10/05
1,2024/10/05
2,2024/10/05
2,2024/10/06
1,2024/10/05
2,2024/10/09
2,2024/10/05
1,2024/10/04
2,2024/10/04
1,2024/10/04
1,2024/10/04
1,2024/10/04
1,2024/10/04
2,2024/10/04
1,2024/10/04
1,2024/10/04
1,2024/10/04
1,2024/10/04
1,2024/10/05
1,2024/10/04
1,2024/10/04
1,2024/10/06
2,2024/10/06
3,2024/10/06
1,2024/10/04
1,2024/10/03
1,2024/10/03
1,2024/10/03
2,2024/10/03
2,2024/10/03
1,2024/10/03
1,2024/10/04
1,2024/10/03
1,2024/10/03
1,2024/10/03
1,2024/10/03
1,2024/10/03
1,2024/10/03
2,2024/10/12
2,2024/10/03
2,2024/10/03
2,2024/10/05
1,2024/10/04
2,2024/10/03
1,2024/10/05
1,2024/10/03
1,2024/10/03
2,2024/10/03
3,2024/10/06
2,2024/10/06
1,2024/10/02
2,2024/10/02
1,2024/10/03
1,2024/10/02
1,2024/10/05
1,2024/10/02
3,2024/10/02
1,2024/10/02
1,2024/10/02
2,2024/10/02
1,2024/10/02
1,2024/10/02
1,2024/10/02
1,2024/10/12
1,2024/10/02
2,2024/10/02
1,2024/10/02
2,2024/10/02
1,2024/10/02
2,2024/10/02
1,2024/10/02
2,2024/10/12
1,2024/10/02
1,2024/10/02
1,2024/10/02
2,2024/10/05
7,2024/10/03
2,2024/10/02
1,2024/10/02
2,2024/10/02
1,2024/10/03
2,2024/10/02
4,2024/10/01
1,2024/10/01
1,2024/10/02
2,2024/10/01
2,2024/10/01
1,2024/10/01
1,2024/10/01
1,2024/10/01
2,2024/10/01
1,2024/10/01
3,2024/10/01
2,2024/10/01
1,2024/10/01
1,2024/10/01
2,2024/10/05
1,2024/10/01
1,2024/10/05
1,2024/10/01
2,2024/10/01
2,2024/10/06
1,2024/10/01
2,2024/10/02
2,2024/10/06
2,2024/09/29
1,2024/09/29
1,2024/09/29
3,2024/09/29
2,2024/09/29
1,2024/09/29
2,2024/09/29
1,2024/09/29
2,2024/09/29
2,2024/09/29
2,2024/09/29
2,2024/09/29
1,2024/09/29
2,2024/10/01
2,2024/09/29
2,2024/09/29
1,2024/09/29
2,2024/09/29
2,2024/09/29
1,2024/09/29
2,2024/09/29
1,2024/09/29
1,2024/09/29
2,2024/09/29
1,2024/09/29
1,2024/09/29
1,2024/09/29
2,2024/09/29
1,2024/09/29
1,2024/09/29
2,2024/09/29
2,2024/09/29
1,2024/09/29
2,2024/09/29
1,2024/09/29
2,2024/09/29
1,2024/09/29
2,2024/09/29
1,2024/09/29
1,2024/09/29
1,2024/09/29
2,2024/09/29
2,2024/09/29
1,2024/09/29
1,2024/09/29
1,2024/09/29
2,2024/09/29
2,2024/09/29
2,2024/10/06
2,2024/10/05
2,2024/09/29
2,2024/09/29
2,2024/09/29
1,2024/10/05
2,2024/09/29
2,2024/09/28
2,2024/10/12
2,2024/09/28
2,2024/09/29
1,2024/09/28
2,2024/09/28
2,2024/09/28
1,2024/09/28
2,2024/09/28
1,2024/09/28
2,2024/09/28
1,2024/09/28
1,2024/09/29
1,2024/09/28
1,2024/09/29
2,2024/10/05
2,2024/09/28
1,2024/09/28
1,2024/09/28
2,2024/09/28
2,2024/09/28
2,2024/09/28
1,2024/09/28
1,2024/09/28
2,2024/09/28
2,2024/09/28
2,2024/09/28
1,2024/09/28
1,2024/09/28
1,2024/09/28
2,2024/09/28
2,2024/09/28
1,2024/09/28
1,2024/09/28
1,2024/09/28
1,2024/09/28
1,2024/09/28
2,2024/09/28
2,2024/09/28
1,2024/09/28
1,2024/09/28
1,2024/09/28
1,2024/09/28
1,2024/09/28
1,2024/09/28
2,2024/09/28
2,2024/09/28
1,2024/09/28
2,2024/09/28
1,2024/09/28
2,2024/09/28
1,2024/09/28
2,2024/09/27
2,2024/10/05
1,2024/09/27
1,2024/09/29
2,2024/09/27
1,2024/09/27
2,2024/09/27
1,2024/09/27
2,2024/09/28
1,2024/09/27
1,2024/09/27
2,2024/09/27
1,2024/09/27
1,2024/09/27
2,2024/09/27
1,2024/09/27
2,2024/09/29
1,2024/09/27
1,2024/09/27
2,2024/09/29
1,2024/09/28
2,2024/09/27
1,2024/09/27
1,2024/09/28
1,2024/09/29
1,2024/10/01
1,2024/09/27
2,2024/09/29
2,2024/10/01
1,2024/09/27
1,2024/09/28
2,2024/09/26
2,2024/09/26
1,2024/09/26
2,2024/09/26
1,2024/09/26
1,2024/09/26
2,2024/09/26
1,2024/09/26
1,2024/09/26
2,2024/09/26
1,2024/09/26
1,2024/09/26
1,2024/09/26
1,2024/09/26
2,2024/09/26
1,2024/09/28
1,2024/10/15
1,2024/09/26
1,2024/09/26
2,2024/09/26
2,2024/09/28
2,2024/09/27
2,2024/10/02
2,2024/10/08
1,2024/09/28
2,2024/09/28
1,2024/09/29
1,2024/09/26
2,2024/09/25
1,2024/09/28
1,2024/09/25
1,2024/09/25
1,2024/09/25
1,2024/09/25
1,2024/09/25
1,2024/09/25
1,2024/09/25
2,2024/09/26
1,2024/09/25
2,2024/09/25
1,2024/09/25
2,2024/09/25
1,2024/09/25
1,2024/09/25
2,2024/09/25
1,2024/09/25
1,2024/09/25
2,2024/09/25
3,2024/09/25
2,2024/10/11
1,2024/09/26
3,2024/09/26
2,2024/09/24
1,2024/09/24
1,2024/09/24
1,2024/09/24
1,2024/09/24
1,2024/09/24
1,2024/09/24
1,2024/09/24
1,2024/09/24
1,2024/09/24
1,2024/09/24
1,2024/09/24
2,2024/09/24
1,2024/09/24
1,2024/09/24
2,2024/09/24
1,2024/09/24
1,2024/09/24
1,2024/09/24
1,2024/09/24
1,2024/09/24
1,2024/09/24
1,2024/09/24
2,2024/09/24
1,2024/09/24
1,2024/09/24
2,2024/09/24
1,2024/09/24
2,2024/10/02
1,2024/10/06
1,2024/09/24
1,2024/09/24
1,2024/09/24
1,2024/10/05
2,2024/09/28
1,2024/09/24
1,2024/09/27
1,2024/09/28
1,2024/09/24
1,2024/09/29
1,2024/09/29
3,2024/09/24
1,2024/10/04
3,2024/10/10
2,2024/09/28
1,2024/09/24
1,2024/09/28
1,2024/09/29
2,2024/09/24
1,2024/09/28
1,2024/09/28
2,2024/09/24
1,2024/10/06
1,2024/09/28
1,2024/09/21
2,2024/09/21
1,2024/09/26
1,2024/09/28
2,2024/09/21
1,2024/09/21
1,2024/09/21
2,2024/09/21
1,2024/09/21
1,2024/09/21
1,2024/09/21
2,2024/09/21
1,2024/09/21
1,2024/09/21
1,2024/09/21
2,2024/09/21
2,2024/09/21
1,2024/09/21
1,2024/09/21
1,2024/09/21
2,2024/09/24
1,2024/09/21
2,2024/09/21
1,2024/09/21
2,2024/09/21
1,2024/09/21
1,2024/09/21
1,2024/09/21
2,2024/09/21
1,2024/09/21
1,2024/09/21
1,2024/09/21
1,2024/09/21
1,2024/09/21
1,2024/09/21
2,2024/09/21
1,2024/09/21
2,2024/09/21
1,2024/09/21
2,2024/09/21
2,2024/09/21
1,2024/09/21
3,2024/09/21
1,2024/09/21
2,2024/09/21
1,2024/09/21
1,2024/09/21
2,2024/09/21
1,2024/09/21
2,2024/09/21
2,2024/09/21
2,2024/09/21
1,2024/09/21
2,2024/09/21
2,2024/09/21
1,2024/09/20
1,2024/10/11
2,2024/09/21
2,2024/09/20
1,2024/09/20
1,2024/09/20
1,2024/09/20
1,2024/09/20
1,2024/09/20
1,2024/09/20
2,2024/09/21
1,2024/09/20
1,2024/09/20
1,2024/09/20
1,2024/09/20
2,2024/09/20
1,2024/09/20
2,2024/09/20
2,2024/09/20
1,2024/09/21
1,2024/09/20
1,2024/09/21
1,2024/09/20
2,2024/09/21
1,2024/09/20
1,2024/09/21
2,2024/09/20
1,2024/09/21
2,2024/09/21
1,2024/09/20
1,2024/09/20
1,2024/09/20
1,2024/09/19
2,2024/09/24
2,2024/09/19
1,2024/09/19
1,2024/09/19
1,2024/09/21
1,2024/09/19
2,2024/09/19
1,2024/09/19
1,2024/09/19
2,2024/09/19
2,2024/09/19
1,2024/09/19
2,2024/09/19
2,2024/09/19
1,2024/09/19
1,2024/09/19
2,2024/09/19
2,2024/10/03
1,2024/09/19
2,2024/09/21
1,2024/09/19
1,2024/09/20
1,2024/09/19
1,2024/09/21
2,2024/09/19
1,2024/09/24
1,2024/09/18
1,2024/09/18
1,2024/09/18
1,2024/09/18
1,2024/09/18
2,2024/09/18
1,2024/09/18
1,2024/09/18
1,2024/09/18
2,2024/09/18
1,2024/09/18
1,2024/09/18
1,2024/09/21
1,2024/09/18
1,2024/09/21
1,2024/10/05
1,2024/09/18
2,2024/09/19
2,2024/09/18
2,2024/09/19
1,2024/09/21
1,2024/09/18
2,2024/10/06
2,2024/09/20
2,2024/09/18
1,2024/09/17
2,2024/09/17
3,2024/09/17
1,2024/09/17
2,2024/09/17
2,2024/09/17
1,2024/09/17
1,2024/09/17
1,2024/09/17
1,2024/09/17
1,2024/09/17
2,2024/09/17
1,2024/09/17
1,2024/09/17
2,2024/09/17
1,2024/09/17
1,2024/09/17
1,2024/09/17
2,2024/09/17
1,2024/09/18
1,2024/09/18
1,2024/09/17
1,2024/09/18
2,2024/09/17
1,2024/09/17
1,2024/09/17
1,2024/09/17
1,2024/09/21
2,2024/09/21
1,2024/09/17
1,2024/10/13
1,2024/09/17
1,2024/09/17
1,2024/09/21
1,2024/09/17
2,2024/09/24
1,2024/09/17
1,2024/09/29
3,2024/09/17
2,2024/09/17
1,2024/09/15
2,2024/09/15
1,2024/09/15
2,2024/09/15
1,2024/09/15
2,2024/09/15
2,2024/09/15
1,2024/09/15
1,2024/09/15
2,2024/09/17
2,2024/09/15
1,2024/09/15
2,2024/09/15
2,2024/09/15
2,2024/09/15
2,2024/09/15
2,2024/09/15
2,2024/09/15
1,2024/09/15
1,2024/09/15
1,2024/09/21
1,2024/09/15
2,2024/09/15
1,2024/09/15
1,2024/09/15
2,2024/09/15
2,2024/09/15
2,2024/09/15
2,2024/09/15
2,2024/09/15
2,2024/09/15
1,2024/09/15
1,2024/09/15
1,2024/09/15
1,2024/09/15
2,2024/09/15
1,2024/09/19
1,2024/09/15
2,2024/09/15
2,2024/09/15
1,2024/09/15
2,2024/09/15
2,2024/09/15
1,2024/09/15
1,2024/09/15
1,2024/09/15
1,2024/09/15
2,2024/09/21
1,2024/09/14
1,2024/09/14
2,2024/09/14
1,2024/09/14
2,2024/09/14
2,2024/09/19
1,2024/09/15
2,2024/09/14
1,2024/09/14
1,2024/09/14
1,2024/09/14
1,2024/09/14
2,2024/09/14
2,2024/09/14
2,2024/09/14
1,2024/09/14
2,2024/09/14
2,2024/09/14
1,2024/09/15
2,2024/09/14
1,2024/09/14
2,2024/09/14
1,2024/09/14
1,2024/09/14
1,2024/09/14
2,2024/09/14
1,2024/09/14
2,2024/09/14
2,2024/09/14
1,2024/09/14
2,2024/09/14
1,2024/09/14
1,2024/09/14
2,2024/09/14
1,2024/09/14
1,2024/09/14
2,2024/09/14
2,2024/09/14
1,2024/09/14
1,2024/09/14
2,2024/09/14
1,2024/09/14
2,2024/09/15
2,2024/09/14
1,2024/09/14
2,2024/09/14
1,2024/09/14
2,2024/09/14
2,2024/09/14
2,2024/09/14
2,2024/09/20
2,2024/09/21
1,2024/09/14
1,2024/09/14
1,2024/09/17
1,2024/09/13
1,2024/09/13
1,2024/09/13
2,2024/09/14
2,2024/09/13
1,2024/09/13
1,2024/09/13
1,2024/09/13
2,2024/09/13
2,2024/09/13
1,2024/09/13
1,2024/09/21
1,2024/09/15
2,2024/09/13
2,2024/09/15
2,2024/09/14
1,2024/09/12
2,2024/09/28
1,2024/09/12
1,2024/09/12
2,2024/09/12
1,2024/09/12
1,2024/09/12
2,2024/09/12
2,2024/09/19
1,2024/09/13
2,2024/09/28
1,2024/09/12
2,2024/09/29
1,2024/09/14
1,2024/09/14
2,2024/09/11
1,2024/09/11
1,2024/09/11
1,2024/09/11
1,2024/09/11
2,2024/09/11
2,2024/09/11
2,2024/09/14
1,2024/09/11
1,2024/09/11
1,2024/09/11
1,2024/09/11
1,2024/09/11
2,2024/09/21
1,2024/09/11
2,2024/09/11
2,2024/09/13
1,2024/09/11
2,2024/09/14
2,2024/09/15
2,2024/09/14
1,2024/09/11
3,2024/09/10
1,2024/09/11
2,2024/09/10
2,2024/09/10
2,2024/09/10
2,2024/09/10
1,2024/09/10
2,2024/09/10
2,2024/09/17
2,2024/09/10
1,2024/09/10
1,2024/09/10
1,2024/09/10
1,2024/09/17
1,2024/09/10
1,2024/09/10
1,2024/09/21
1,2024/09/10
1,2024/09/15
1,2024/09/26
1,2024/09/15
2,2024/09/10
1,2024/09/10
2,2024/09/10
1,2024/09/12
1,2024/09/14
2,2024/09/10
2,2024/09/29
2,2024/09/11
2,2024/09/17
1,2024/09/29
1,2024/09/15
2,2024/09/15
1,2024/09/28
2,2024/09/21
1,2024/09/10
2,2024/09/08
1,2024/09/08
2,2024/09/08
2,2024/09/15
2,2024/09/08
2,2024/09/08
2,2024/09/08
2,2024/09/08
2,2024/09/08
1,2024/09/08
1,2024/09/08
2,2024/09/08
1,2024/09/08
1,2024/09/08
1,2024/09/08
1,2024/09/08
1,2024/09/08
2,2024/09/08
1,2024/09/08
1,2024/09/08
1,2024/09/08
2,2024/09/08
1,2024/09/08
1,2024/09/08
1,2024/09/08
1,2024/09/08
1,2024/09/08
1,2024/09/08
1,2024/09/08
3,2024/09/08
1,2024/09/08
1,2024/09/08
1,2024/10/13
1,2024/09/08
2,2024/09/08
1,2024/09/08
2,2024/09/15
1,2024/09/08
1,2024/09/08
2,2024/10/05
2,2024/09/08
1,2024/09/08
1,2024/09/07
1,2024/09/07
1,2024/09/07
2,2024/09/07
2,2024/09/07
1,2024/09/07
2,2024/09/07
2,2024/09/07
1,2024/09/07
1,2024/09/07
1,2024/09/07
2,2024/09/07
1,2024/09/07
1,2024/09/07
1,2024/09/07
1,2024/09/07
2,2024/09/07
2,2024/09/07
1,2024/09/07
1,2024/09/07
2,2024/09/19
1,2024/09/07
1,2024/09/07
3,2024/09/07
2,2024/09/07
2,2024/09/08
2,2024/09/07
2,2024/09/07
2,2024/09/07
2,2024/09/07
1,2024/09/07
1,2024/09/07
2,2024/09/07
2,2024/09/07
1,2024/09/07
1,2024/09/07
1,2024/09/07
2,2024/09/07
2,2024/09/07
1,2024/09/19
1,2024/10/05
1,2024/09/07
2,2024/09/28
1,2024/09/07
2,2024/09/07
2,2024/09/08
1,2024/09/07
2,2024/09/07
1,2024/09/07
1,2024/09/08
2,2024/09/07
1,2024/09/06
6,2024/09/06
1,2024/09/06
1,2024/09/07
1,2024/09/06
1,2024/09/06
2,2024/09/06
1,2024/09/06
2,2024/09/06
1,2024/09/06
1,2024/09/06
1,2024/09/06
2,2024/09/06
1,2024/09/07
1,2024/09/10
1,2024/09/17
1,2024/09/07
1,2024/09/17
2,2024/09/06
1,2024/10/12
2,2024/09/15
2,2024/09/14
1,2024/09/14
2,2024/09/05
1,2024/09/05
1,2024/09/05
1,2024/09/05
1,2024/09/05
1,2024/09/07
2,2024/09/05
1,2024/09/06
1,2024/09/07
1,2024/09/05
1,2024/09/05
1,2024/09/05
1,2024/09/05
1,2024/09/05
1,2024/09/05
1,2024/09/08
2,2024/09/10
1,2024/09/07
1,2024/09/29
1,2024/09/05
1,2024/09/05
1,2024/09/17
1,2024/09/26
2,2024/09/07
2,2024/09/06
1,2024/09/04
2,2024/09/04
4,2024/09/04
1,2024/09/04
1,2024/09/04
1,2024/09/04
1,2024/09/04
1,2024/09/04
1,2024/09/29
1,2024/09/29
1,2024/09/04
1,2024/09/04
2,2024/09/04
1,2024/09/04
1,2024/09/07
1,2024/09/04
1,2024/09/08
1,2024/09/04
1,2024/09/04
1,2024/09/07
1,2024/09/04
1,2024/09/04
2,2024/09/04
2,2024/09/04
2,2024/09/04
1,2024/09/06
2,2024/09/04
1,2024/09/07
1,2024/09/03
1,2024/09/03
1,2024/09/03
1,2024/09/03
1,2024/09/03
2,2024/09/03
1,2024/09/03
1,2024/09/03
1,2024/09/03
2,2024/09/03
1,2024/09/04
1,2024/09/07
2,2024/09/04
2,2024/09/03
1,2024/09/03
2,2024/09/21
2,2024/09/03
1,2024/09/03
1,2024/09/07
1,2024/09/07
3,2024/09/07
2,2024/09/08
2,2024/09/14
2,2024/09/01
1,2024/09/01
1,2024/09/20
1,2024/09/01
1,2024/09/01
1,2024/09/01
1,2024/09/01
1,2024/09/01
1,2024/09/01
2,2024/09/01
2,2024/09/01
2,2024/09/01
2,2024/09/01
2,2024/09/01
2,2024/09/01
1,2024/09/01
1,2024/09/01
1,2024/09/01
1,2024/09/01
2,2024/09/01
1,2024/09/01
3,2024/09/01
1,2024/09/01
2,2024/09/01
1,2024/09/01
1,2024/09/01
1,2024/09/01
1,2024/09/01
1,2024/09/01
1,2024/09/01
2,2024/09/01
2,2024/09/01
2,2024/09/01
1,2024/09/01
2,2024/09/01
2,2024/09/07
2,2024/09/01
1,2024/09/01
1,2024/09/01
1,2024/09/01
1,2024/09/01
1,2024/09/01
1,2024/09/01
1,2024/09/04
1,2024/09/01
1,2024/09/01
2,2024/09/01
2,2024/09/01
2,2024/09/01
2,2024/09/01
2,2024/09/01
2,2024/09/01
1,2024/09/24
2,2024/09/01
1,2024/09/01
1,2024/09/01
1,2024/09/01
2,2024/08/31
1,2024/08/31
2,2024/08/31
2,2024/08/31
2,2024/08/31
2,2024/08/31
2,2024/08/31
2,2024/08/31
1,2024/08/31
1,2024/08/31
1,2024/08/31
1,2024/08/31
2,2024/08/31
2,2024/08/31
3,2024/08/31
2,2024/08/31
2,2024/08/31
2,2024/08/31
2,2024/08/31
1,2024/08/31
1,2024/08/31
1,2024/08/31
1,2024/08/31
2,2024/08/31
2,2024/09/07
1,2024/08/31
5,2024/09/01
1,2024/08/31
2,2024/08/31
1,2024/08/31
1,2024/08/31
1,2024/08/31
1,2024/08/31
1,2024/08/31
1,2024/08/31
2,2024/08/31
1,2024/08/31
1,2024/08/31
1,2024/08/31
1,2024/08/31
1,2024/09/21
1,2024/09/21
1,2024/08/31
3,2024/09/21
1,2024/09/15
2,2024/08/31
1,2024/08/30
1,2024/08/30
2,2024/08/30
1,2024/09/21
1,2024/08/30
4,2024/08/30
4,2024/08/30
2,2024/08/31
1,2024/08/30
2,2024/08/30
2,2024/08/30
1,2024/09/07
1,2024/09/01
2,2024/08/29
1,2024/08/29
1,2024/08/29
2,2024/08/29
1,2024/08/31
1,2024/08/30
2,2024/09/08
1,2024/08/29
1,2024/08/29
1,2024/08/28
1,2024/08/28
1,2024/08/28
1,2024/08/28
1,2024/08/28
1,2024/08/28
2,2024/08/28
6,2024/08/28
2,2024/10/08
1,2024/08/28
1,2024/08/28
1,2024/08/28
1,2024/09/08
2,2024/08/28
2,2024/09/15
2,2024/08/28
2,2024/08/28
1,2024/08/28
1,2024/08/28
1,2024/08/28
1,2024/09/08
1,2024/08/28
1,2024/08/28
1,2024/08/27
2,2024/08/27
1,2024/08/27
1,2024/08/27
1,2024/08/27
1,2024/08/27
1,2024/08/27
1,2024/09/01
2,2024/08/27
1,2024/08/27
1,2024/08/27
1,2024/08/27
1,2024/09/21
2,2024/08/27
2,2024/09/25
1,2024/09/29
2,2024/10/15
2,2024/09/01
3,2024/09/29
2,2024/08/31
1,2024/08/31
1,2024/09/01
2,2024/08/31
1,2024/08/31
2,2024/09/01
1,2024/09/08
1,2024/09/15
1,2024/08/25
1,2024/08/25
2,2024/08/25
2,2024/08/25
1,2024/08/25
1,2024/08/25
2,2024/08/25
1,2024/08/25
1,2024/08/25
1,2024/08/25
2,2024/08/25
1,2024/08/25
2,2024/08/25
1,2024/08/25
1,2024/08/25
2,2024/08/25
1,2024/08/25
2,2024/08/25
2,2024/08/25
2,2024/09/15
1,2024/08/25
1,2024/08/25
1,2024/08/25
1,2024/08/25
1,2024/08/25
1,2024/08/25
1,2024/08/25
2,2024/08/25
1,2024/08/25
1,2024/08/25
1,2024/08/25
1,2024/08/25
1,2024/08/25
2,2024/08/25
1,2024/08/25
1,2024/08/25
2,2024/08/25
1,2024/08/25
2,2024/08/25
1,2024/08/25
1,2024/08/25
1,2024/08/25
1,2024/08/25
1,2024/08/25
1,2024/08/25
1,2024/08/25
2,2024/08/25
1,2024/08/25
1,2024/08/25
1,2024/08/25
1,2024/08/25
1,2024/08/25
2,2024/08/25
1,2024/08/25
2,2024/08/25
1,2024/08/25
1,2024/08/25
2,2024/08/25
1,2024/08/25
2,2024/08/25
1,2024/08/25
2,2024/09/03
1,2024/08/25
1,2024/08/25
1,2024/08/25
1,2024/08/25
1,2024/08/24
1,2024/08/24
1,2024/08/24
2,2024/08/24
2,2024/08/24
1,2024/08/24
2,2024/08/24
1,2024/08/24
1,2024/08/24
2,2024/08/24
2,2024/08/24
1,2024/08/24
1,2024/08/24
4,2024/08/24
2,2024/08/24
1,2024/08/24
1,2024/08/24
1,2024/08/24
1,2024/08/24
1,2024/08/24
1,2024/08/24
3,2024/08/24
1,2024/08/24
1,2024/08/24
2,2024/08/24
1,2024/08/24
1,2024/08/24
2,2024/08/24
4,2024/08/24
1,2024/08/24
2,2024/08/29
2,2024/08/25
3,2024/08/24
1,2024/08/24
1,2024/08/24
1,2024/08/24
2,2024/08/24
4,2024/08/24
3,2024/08/24
1,2024/08/24
1,2024/08/24
1,2024/08/24
1,2024/08/25
2,2024/08/24
1,2024/08/24
2,2024/08/24
1,2024/08/25
3,2024/08/24
1,2024/08/24
1,2024/08/24
1,2024/08/24
2,2024/08/24
3,2024/09/15
1,2024/08/24
2,2024/08/24
1,2024/08/24
2,2024/08/25
2,2024/08/24
1,2024/08/24
2,2024/09/14
1,2024/08/24
2,2024/08/24
1,2024/08/24
1,2024/08/24
2,2024/08/24
2,2024/08/24
2,2024/08/23
2,2024/08/25
1,2024/08/23
1,2024/08/23
1,2024/08/31
1,2024/08/24
2,2024/08/24
1,2024/08/23
1,2024/08/23
2,2024/08/23
1,2024/08/23
1,2024/08/24
1,2024/08/24
1,2024/08/25
1,2024/08/23
1,2024/08/24
2,2024/08/25
1,2024/08/23
2,2024/08/24
2,2024/08/24
1,2024/08/24
1,2024/08/25
1,2024/08/24
1,2024/08/24
2,2024/08/22
2,2024/08/22
1,2024/08/22
1,2024/08/23
1,2024/08/22
1,2024/08/22
2,2024/08/25
1,2024/08/22
1,2024/08/31
1,2024/08/25
2,2024/08/31
1,2024/08/31
1,2024/08/25
1,2024/08/30
1,2024/08/22
1,2024/08/22
1,2024/08/24
2,2024/08/28
1,2024/08/24
1,2024/08/31
2,2024/08/22
2,2024/08/30
1,2024/09/14
1,2024/08/25
1,2024/08/23
1,2024/08/21
1,2024/08/21
1,2024/08/21
3,2024/08/28
2,2024/08/22
2,2024/08/25
1,2024/08/21
1,2024/08/24
2,2024/08/25
1,2024/08/20
2,2024/08/20
1,2024/08/20
2,2024/08/25
1,2024/08/20
1,2024/08/24
2,2024/08/20
1,2024/08/24
3,2024/08/20
1,2024/08/24
1,2024/08/20
4,2024/08/20
2,2024/08/20
1,2024/08/20
1,2024/08/20
1,2024/08/20
1,2024/08/20
1,2024/08/24
2,2024/08/24
1,2024/08/20
2,2024/08/21
3,2024/08/22
1,2024/08/31
1,2024/08/30
3,2024/09/28
2,2024/08/18
2,2024/08/18
2,2024/08/21
1,2024/08/18
2,2024/08/18
1,2024/08/18
1,2024/08/18
1,2024/08/18
3,2024/08/18
1,2024/08/18
1,2024/08/18
3,2024/08/18
2,2024/08/18
1,2024/08/18
1,2024/08/18
1,2024/08/18
2,2024/08/25
2,2024/08/18
1,2024/08/18
1,2024/08/18
1,2024/08/18
1,2024/08/18
2,2024/08/18
1,2024/08/18
1,2024/08/18
1,2024/08/18
2,2024/08/18
1,2024/08/27
1,2024/08/18
1,2024/08/18
2,2024/08/18
1,2024/08/18
2,2024/08/18
1,2024/08/18
1,2024/08/31
1,2024/08/18
1,2024/08/20
2,2024/08/18
1,2024/08/18
1,2024/08/18
1,2024/08/18
1,2024/08/18
1,2024/08/24
1,2024/08/18
2,2024/08/18
2,2024/08/18
1,2024/08/18
2,2024/08/18
1,2024/08/18
1,2024/08/25
1,2024/08/18
1,2024/08/18
1,2024/08/18
1,2024/08/18
2,2024/08/18
1,2024/08/18
1,2024/09/07
2,2024/08/18
1,2024/08/18
1,2024/08/18
2,2024/08/17
2,2024/08/18
2,2024/08/17
2,2024/08/17
3,2024/08/17
2,2024/08/18
1,2024/08/18
2,2024/08/17
1,2024/08/17
1,2024/08/17
1,2024/08/17
1,2024/08/17
1,2024/08/17
1,2024/08/17
2,2024/08/17
1,2024/08/17
1,2024/08/17
3,2024/08/17
1,2024/08/17
1,2024/08/17
1,2024/08/17
2,2024/08/17
2,2024/08/17
1,2024/08/17
1,2024/08/17
1,2024/08/17
2,2024/08/18
1,2024/08/17
1,2024/08/17
2,2024/08/17
1,2024/08/17
2,2024/08/17
1,2024/08/17
1,2024/08/17
1,2024/08/17
2,2024/08/17
2,2024/08/17
1,2024/08/17
2,2024/08/17
2,2024/08/17
1,2024/08/17
1,2024/08/17
1,2024/08/17
1,2024/08/17
2,2024/08/17
1,2024/08/18
1,2024/08/17
1,2024/08/17
2,2024/08/17
1,2024/08/17
1,2024/08/17
2,2024/08/17
3,2024/08/17
2,2024/08/17
1,2024/08/17
1,2024/08/17
2,2024/08/17
1,2024/08/17
2,2024/08/17
2,2024/08/17
1,2024/08/17
2,2024/08/25
2,2024/08/17
2,2024/08/17
2,2024/08/23
1,2024/08/25
2,2024/08/17
1,2024/08/25
2,2024/08/17
2,2024/08/17
2,2024/08/17
1,2024/08/17
2,2024/08/17
1,2024/08/17
1,2024/08/31
1,2024/08/31
1,2024/08/31
1,2024/08/17
2,2024/09/28
1,2024/08/17
1,2024/08/17
2,2024/08/17
1,2024/08/24
1,2024/08/17
3,2024/08/17
1,2024/08/17
2,2024/08/17
1,2024/08/17
1,2024/08/27
2,2024/08/18
1,2024/08/17
1,2024/08/17
1,2024/08/18
2,2024/08/25
2,2024/08/17
2,2024/08/29
1,2024/08/17
1,2024/08/17
2,2024/08/31
2,2024/08/17
2,2024/08/25
2,2024/08/17
1,2024/08/17
1,2024/08/17
1,2024/08/21
2,2024/08/18
1,2024/08/17
2,2024/08/17
2,2024/08/17
2,2024/08/18
1,2024/08/17
2,2024/08/17
1,2024/08/17
2,2024/08/17
1,2024/08/24
1,2024/08/17
1,2024/08/17
5,2024/08/17
5,2024/09/21
10,2024/09/21
10,2024/09/21
1,2024/08/17
2,2024/08/24
1,2024/08/18
1,2024/08/17
2,2024/08/17
2,2024/08/17
1,2024/08/17
2,2024/08/17
1,2024/08/17
2,2024/08/17
1,2024/08/17
1,2024/08/17
1,2024/08/17
1,2024/08/18
2,2024/08/17
2,2024/08/17
1,2024/08/17
4,2024/08/24
3,2024/08/24
1,2024/08/17
2,2024/08/17
1,2024/09/07
2,2024/08/17
1,2024/08/25
1,2024/08/25
1,2024/08/17
1,2024/08/18
4,2024/08/10
1,2024/08/10
2,2024/08/10
1,2024/08/10
1,2024/08/10
1,2024/08/10
2,2024/08/10
1,2024/08/10
1,2024/08/10
2,2024/08/10
1,2024/08/10
1,2024/08/10
2,2024/08/10
2,2024/08/10
2,2024/08/10
1,2024/08/10
1,2024/08/10
1,2024/08/10
1,2024/08/10
2,2024/08/10
2,2024/08/10
1,2024/08/10
1,2024/08/10
1,2024/08/10
1,2024/08/10
1,2024/08/10
2,2024/08/10
1,2024/08/10
2,2024/08/10
1,2024/08/10
2,2024/08/10
2,2024/08/10
2,2024/08/10
1,2024/08/10
1,2024/08/10
1,2024/08/10
2,2024/08/10
2,2024/08/10
2,2024/08/10
1,2024/08/10
2,2024/08/10
1,2024/08/10
1,2024/08/10
2,2024/08/10
1,2024/08/10
2,2024/08/10
1,2024/08/10
1,2024/08/10
2,2024/08/25
1,2024/08/10
1,2024/08/10
2,2024/08/10
2,2024/08/10
2,2024/08/10
1,2024/08/10
1,2024/08/10
2,2024/08/10
1,2024/08/10
1,2024/08/10
1,2024/08/10
1,2024/08/10
2,2024/08/10
2,2024/08/10
1,2024/08/10
2,2024/08/10
1,2024/08/10
2,2024/08/10
2,2024/08/10
2,2024/08/10
2,2024/08/17
1,2024/08/09
1,2024/08/10
1,2024/08/10
1,2024/08/10
2,2024/08/10
1,2024/08/10
2,2024/08/17
2,2024/08/09
1,2024/08/09
2,2024/08/18
1,2024/08/09
2,2024/08/10
2,2024/08/10
2,2024/08/10
1,2024/08/10
1,2024/08/10
2,2024/08/10
1,2024/08/10
2,2024/08/10
1,2024/08/10
1,2024/08/10
1,2024/08/25
2,2024/08/10
1,2024/08/21
1,2024/08/10
2,2024/08/08
1,2024/08/25
1,2024/08/08
2,2024/08/08
1,2024/08/25
1,2024/08/08
1,2024/08/08
1,2024/08/10
2,2024/08/08
2,2024/08/08
1,2024/08/08
1,2024/08/08
1,2024/08/08
2,2024/08/08
2,2024/08/08
1,2024/08/08
1,2024/08/08
1,2024/08/10
2,2024/08/10
1,2024/08/18
2,2024/08/10
2,2024/08/08
2,2024/08/09
2,2024/08/10
1,2024/08/25
1,2024/08/08
1,2024/08/07
2,2024/08/10
1,2024/08/07
1,2024/08/10
1,2024/08/10
1,2024/08/07
1,2024/08/07
1,2024/08/07
2,2024/08/08
2,2024/08/10
1,2024/08/10
1,2024/08/06
2,2024/08/10
2,2024/08/18
1,2024/08/06
1,2024/08/06
2,2024/08/06
2,2024/08/07
1,2024/08/10
1,2024/08/06
1,2024/08/06
1,2024/08/07
2,2024/08/06
1,2024/08/06
2,2024/08/06
1,2024/08/10
1,2024/08/06
1,2024/08/06
2,2024/08/06
1,2024/08/06
2,2024/08/06
1,2024/08/06
1,2024/08/06
1,2024/08/06
3,2024/08/10
1,2024/08/06
3,2024/08/07
5,2024/08/06
2,2024/08/07
2,2024/08/06
2,2024/08/06
1,2024/08/06
1,2024/08/07
2,2024/09/14
1,2024/08/06
2,2024/08/10
1,2024/08/10
1,2024/08/23
1,2024/08/06
2,2024/08/09
2,2024/08/10
2,2024/08/08
1,2024/08/10
1,2024/08/17
1,2024/08/06
2,2024/08/10
2,2024/08/31
2,2024/08/10
1,2024/08/23
2,2024/08/17
2,2024/08/04
2,2024/08/04
1,2024/08/04
2,2024/08/04
1,2024/08/04
1,2024/08/04
1,2024/08/04
1,2024/08/04
1,2024/08/04
2,2024/08/04
1,2024/08/04
2,2024/08/04
2,2024/08/04
2,2024/08/04
2,2024/08/04
1,2024/08/04
1,2024/08/10
2,2024/08/04
1,2024/08/04
1,2024/08/04
2,2024/08/09
1,2024/08/04
1,2024/08/04
2,2024/08/04
1,2024/08/23
1,2024/08/04
1,2024/08/04
1,2024/08/04
1,2024/08/23
1,2024/08/04
1,2024/08/04
1,2024/08/04
1,2024/08/04
1,2024/08/04
1,2024/08/04
1,2024/08/04
2,2024/08/10
1,2024/08/04
1,2024/08/04
2,2024/08/04
2,2024/08/04
1,2024/08/04
2,2024/08/17
1,2024/08/04
1,2024/08/04
2,2024/08/04
2,2024/08/17
1,2024/08/04
3,2024/08/04
1,2024/08/04
1,2024/08/04
1,2024/08/04
2,2024/08/10
2,2024/08/04
1,2024/08/04
1,2024/08/04
2,2024/08/04
3,2024/08/10
2,2024/08/04
1,2024/08/10
1,2024/08/04
2,2024/08/03
1,2024/08/04
1,2024/08/04
1,2024/08/03
1,2024/08/03
1,2024/08/03
2,2024/08/03
1,2024/08/03
2,2024/08/03
2,2024/08/03
1,2024/08/03
2,2024/08/03
3,2024/08/03
1,2024/08/03
2,2024/08/03
2,2024/08/03
1,2024/08/03
1,2024/08/03
2,2024/08/03
1,2024/08/03
1,2024/08/03
2,2024/08/03
1,2024/08/03
2,2024/08/10
3,2024/08/03
2,2024/08/24
1,2024/08/06
1,2024/08/03
1,2024/08/03
1,2024/08/03
1,2024/08/03
1,2024/08/03
2,2024/08/06
1,2024/08/03
3,2024/08/03
2,2024/08/03
1,2024/08/04
1,2024/08/03
1,2024/08/03
1,2024/08/03
1,2024/08/03
1,2024/08/03
2,2024/08/03
1,2024/08/03
1,2024/08/03
1,2024/08/03
2,2024/08/03
2,2024/08/03
2,2024/08/03
1,2024/08/03
1,2024/08/03
1,2024/08/03
1,2024/08/03
1,2024/08/03
1,2024/08/03
2,2024/08/03
1,2024/08/03
2,2024/08/03
1,2024/08/03
2,2024/08/03
2,2024/08/10
1,2024/08/10
2,2024/08/17
1,2024/08/03
2,2024/08/03
1,2024/08/03
1,2024/08/03
2,2024/08/03
2,2024/08/03
1,2024/08/04
2,2024/08/03
1,2024/08/06
1,2024/08/04
1,2024/08/03
2,2024/08/03
1,2024/08/03
1,2024/08/03
1,2024/08/03
2,2024/08/04
1,2024/08/04
1,2024/08/03
1,2024/08/03
1,2024/08/02
1,2024/08/02
2,2024/08/02
2,2024/08/04
2,2024/08/02
1,2024/08/02
2,2024/08/09
1,2024/08/02
1,2024/08/03
1,2024/08/10
1,2024/08/02
1,2024/08/02
1,2024/08/02
2,2024/08/07
1,2024/08/03
1,2024/08/03
1,2024/08/02
2,2024/08/04
2,2024/08/17
1,2024/08/03
1,2024/08/04
1,2024/08/04
2,2024/08/03
2,2024/08/02
1,2024/08/06
2,2024/08/03
2,2024/08/04
2,2024/08/03
1,2024/08/03
1,2024/08/02
1,2024/08/10
1,2024/08/03
1,2024/08/01
1,2024/08/01
1,2024/08/03
2,2024/08/01
1,2024/08/01
1,2024/08/01
1,2024/08/01
2,2024/08/01
1,2024/08/01
1,2024/08/01
1,2024/08/07
2,2024/08/02
1,2024/08/01
1,2024/08/01
1,2024/08/03
2,2024/08/03
2,2024/08/03
2,2024/08/03
2,2024/08/03
2,2024/08/10
1,2024/08/04
1,2024/08/03
2,2024/07/31
2,2024/08/03
1,2024/07/31
2,2024/07/31
2,2024/07/31
1,2024/08/17
1,2024/08/03
1,2024/07/31
2,2024/07/31
2,2024/07/31
2,2024/09/14
2,2024/07/31
1,2024/08/01
1,2024/08/03
2,2024/08/03
2,2024/08/17
3,2024/08/10
1,2024/08/03
1,2024/08/03
2,2024/07/31
2,2024/08/03
1,2024/08/04
1,2024/08/03
2,2024/07/30
2,2024/07/30
1,2024/07/31
1,2024/07/30
2,2024/07/30
2,2024/07/30
1,2024/07/30
4,2024/08/03
4,2024/07/30
2,2024/07/30
1,2024/07/30
2,2024/07/30
1,2024/08/04
2,2024/07/30
2,2024/07/30
1,2024/07/30
1,2024/07/30
2,2024/07/30
1,2024/09/20
1,2024/07/30
1,2024/08/04
1,2024/07/30
2,2024/07/30
1,2024/07/31
1,2024/08/03
1,2024/08/03
3,2024/07/30
1,2024/08/03
2,2024/07/31
2,2024/08/17
1,2024/07/30
2,2024/08/04
2,2024/08/03
2,2024/08/10
1,2024/09/25
1,2024/08/03
1,2024/07/30
2,2024/08/17
2,2024/07/30
2,2024/08/01
2,2024/08/10
1,2024/07/28
2,2024/07/28
2,2024/08/03
1,2024/07/30
1,2024/07/28
1,2024/07/28
1,2024/08/03
1,2024/07/28
1,2024/07/28
2,2024/07/28
2,2024/07/28
1,2024/07/28
1,2024/07/28
1,2024/07/28
2,2024/07/28
2,2024/07/28
1,2024/07/28
1,2024/07/28
1,2024/07/28
3,2024/07/28
1,2024/07/28
1,2024/07/28
1,2024/07/28
1,2024/07/28
1,2024/07/28
1,2024/07/30
2,2024/07/28
2,2024/07/28
1,2024/07/28
1,2024/07/28
2,2024/07/28
3,2024/07/28
1,2024/07/28
2,2024/07/28
1,2024/07/28
1,2024/07/28
1,2024/07/28
1,2024/07/28
2,2024/08/04
2,2024/07/28
1,2024/07/28
1,2024/07/28
2,2024/07/28
2,2024/07/28
1,2024/08/03
1,2024/07/28
2,2024/07/28
1,2024/07/28
2,2024/07/28
2,2024/07/28
1,2024/07/28
2,2024/07/28
1,2024/07/28
2,2024/07/28
1,2024/08/10
2,2024/08/18
2,2024/07/28
3,2024/07/28
1,2024/07/28
2,2024/07/27
2,2024/07/27
3,2024/07/28
1,2024/07/27
1,2024/07/27
1,2024/08/10
2,2024/07/27
1,2024/07/27
1,2024/07/27
1,2024/07/27
1,2024/07/27
2,2024/07/27
2,2024/07/28
1,2024/07/27
2,2024/07/27
2,2024/07/27
1,2024/07/27
1,2024/07/27
1,2024/07/27
1,2024/07/27
1,2024/07/27
1,2024/07/27
1,2024/07/27
2,2024/07/27
2,2024/07/27
2,2024/08/18
1,2024/07/27
1,2024/07/27
1,2024/07/27
2,2024/07/27
1,2024/07/27
1,2024/07/27
1,2024/07/27
1,2024/07/27
1,2024/07/27
1,2024/07/27
2,2024/07/27
2,2024/07/27
1,2024/07/27
2,2024/07/27
1,2024/07/27
1,2024/07/27
1,2024/07/27
1,2024/07/27
1,2024/07/27
1,2024/07/27
1,2024/07/27
1,2024/07/27
2,2024/07/28
2,2024/07/27
1,2024/07/27
1,2024/07/27
1,2024/07/27
1,2024/07/27
2,2024/07/27
2,2024/07/27
1,2024/07/27
1,2024/07/27
1,2024/07/27
1,2024/07/27
1,2024/07/27
1,2024/08/03
2,2024/07/27
2,2024/07/27
2,2024/07/27
1,2024/07/27
1,2024/08/04
1,2024/07/27
1,2024/07/28
1,2024/07/27
1,2024/07/27
1,2024/07/26
1,2024/07/28
2,2024/07/26
1,2024/07/26
1,2024/07/26
1,2024/07/26
1,2024/07/26
1,2024/07/31
1,2024/08/02
1,2024/07/26
1,2024/07/26
2,2024/07/26
1,2024/07/26
2,2024/07/26
2,2024/07/26
2,2024/07/26
2,2024/07/26
1,2024/07/27
1,2024/07/26
1,2024/07/27
1,2024/07/26
1,2024/07/26
2,2024/07/27
1,2024/07/26
1,2024/07/26
4,2024/07/26
1,2024/08/10
1,2024/08/04
1,2024/07/26
2,2024/07/28
1,2024/07/27
1,2024/08/10
1,2024/07/27
1,2024/07/28
2,2024/07/28
4,2024/08/01
2,2024/07/27
1,2024/07/26
2,2024/07/28
2,2024/07/27
1,2024/07/25
1,2024/07/25
1,2024/07/27
1,2024/07/25
2,2024/07/25
1,2024/07/25
5,2024/07/25
1,2024/07/25
3,2024/07/25
1,2024/07/27
1,2024/07/28
1,2024/07/25
1,2024/07/25
2,2024/08/10
1,2024/07/25
3,2024/07/28
2,2024/08/03
2,2024/07/27
2,2024/07/27
2,2024/07/27
2,2024/07/25
1,2024/08/08
1,2024/07/28
1,2024/07/25
2,2024/07/28
1,2024/07/25
2,2024/07/25
2,2024/07/27
1,2024/07/27
2,2024/07/30
1,2024/08/10
1,2024/07/27
2,2024/07/26
2,2024/07/24
1,2024/07/24
2,2024/07/24
1,2024/07/24
2,2024/07/28
1,2024/07/24
1,2024/07/24
1,2024/07/27
1,2024/07/24
2,2024/07/25
4,2024/07/24
1,2024/07/27
2,2024/07/24
2,2024/07/28
1,2024/07/24
1,2024/07/25
2,2024/07/27
2,2024/07/27
1,2024/07/27
2,2024/07/23
2,2024/07/23
2,2024/07/23
1,2024/07/24
1,2024/07/24
1,2024/07/23
2,2024/07/30
1,2024/07/23
1,2024/07/23
1,2024/07/23
1,2024/07/23
1,2024/07/25
1,2024/07/23
1,2024/07/27
1,2024/07/23
1,2024/09/21
1,2024/07/23
1,2024/07/25
3,2024/07/23
1,2024/08/10
1,2024/07/23
1,2024/07/27
1,2024/07/23
1,2024/08/03
1,2024/07/23
1,2024/08/09
2,2024/08/02
1,2024/07/27
2,2024/08/03
2,2024/07/27
2,2024/07/24
1,2024/07/23
2,2024/07/27
1,2024/07/23
3,2024/08/04
2,2024/08/03
2,2024/07/23
1,2024/07/23
2,2024/08/04
2,2024/07/27
7,2024/07/25
10,2024/07/25
1,2024/07/27
2,2024/07/28
1,2024/07/21
1,2024/07/21
2,2024/07/21
1,2024/07/21
2,2024/07/21
2,2024/07/21
2,2024/07/21
2,2024/07/21
2,2024/07/21
1,2024/07/21
2,2024/07/26
1,2024/07/21
1,2024/07/21
2,2024/07/21
1,2024/07/21
1,2024/07/21
2,2024/07/21
1,2024/07/21
1,2024/07/21
2,2024/07/21
1,2024/07/21
1,2024/07/21
1,2024/07/21
2,2024/07/21
1,2024/07/21
1,2024/07/21
1,2024/07/21
1,2024/07/21
3,2024/07/21
2,2024/07/21
1,2024/07/21
1,2024/07/21
2,2024/08/04
1,2024/07/21
1,2024/07/27
1,2024/07/21
1,2024/07/21
4,2024/07/21
2,2024/07/21
1,2024/07/21
2,2024/07/21
3,2024/07/21
3,2024/07/21
1,2024/07/21
2,2024/07/21
1,2024/07/21
1,2024/07/21
1,2024/07/21
1,2024/07/21
2,2024/07/21
2,2024/07/21
1,2024/07/21
2,2024/07/21
1,2024/07/28
2,2024/07/21
2,2024/07/21
1,2024/07/21
1,2024/07/21
1,2024/07/21
2,2024/07/23
2,2024/07/21
1,2024/08/17
2,2024/07/20
2,2024/07/20
1,2024/07/20
1,2024/07/20
1,2024/07/20
1,2024/07/20
2,2024/07/20
1,2024/07/20
1,2024/07/20
2,2024/07/21
2,2024/07/20
1,2024/07/20
2,2024/07/20
2,2024/08/10
1,2024/07/20
2,2024/07/20
1,2024/07/20
2,2024/07/20
2,2024/07/20
1,2024/07/20
2,2024/07/20
1,2024/07/20
2,2024/07/20
1,2024/07/20
1,2024/07/26
2,2024/07/20
2,2024/07/20
1,2024/07/20
1,2024/07/20
1,2024/07/20
1,2024/07/20
1,2024/07/20
2,2024/07/20
3,2024/07/20
2,2024/07/20
2,2024/07/20
1,2024/07/20
2,2024/07/20
2,2024/07/20
2,2024/07/20
1,2024/07/20
1,2024/07/20
1,2024/07/20
1,2024/07/20
1,2024/07/20
2,2024/07/20
3,2024/07/21
2,2024/07/21
2,2024/07/20
2,2024/07/20
1,2024/07/20
1,2024/07/20
1,2024/07/20
1,2024/07/20
1,2024/07/20
1,2024/07/20
1,2024/07/20
2,2024/07/21
2,2024/07/20
2,2024/07/20
2,2024/07/21
1,2024/07/20
1,2024/07/20
2,2024/07/20
1,2024/07/20
2,2024/07/20
2,2024/07/20
1,2024/07/21
2,2024/07/20
2,2024/08/17
1,2024/07/20
1,2024/07/20
1,2024/07/20
2,2024/07/20
1,2024/07/20
1,2024/07/20
1,2024/07/20
1,2024/07/21
1,2024/07/19
3,2024/07/19
2,2024/07/19
1,2024/07/20
2,2024/07/19
1,2024/07/19
2,2024/07/20
2,2024/07/21
1,2024/07/20
1,2024/07/19
2,2024/07/19
1,2024/07/19
1,2024/07/20
1,2024/07/20
1,2024/07/19
2,2024/07/19
1,2024/07/19
1,2024/07/19
1,2024/07/19
1,2024/07/19
2,2024/07/20
2,2024/08/08
1,2024/07/21
1,2024/07/20
2,2024/07/20
2,2024/07/20
2,2024/07/20
2,2024/07/20
1,2024/07/20
1,2024/07/21
1,2024/07/20
2,2024/07/21
2,2024/07/20
2,2024/07/20
1,2024/08/09
3,2024/07/25
1,2024/07/19
2,2024/07/25
2,2024/07/20
1,2024/09/14
1,2024/07/19
3,2024/07/20
4,2024/07/21
2,2024/07/18
2,2024/07/18
1,2024/07/18
1,2024/07/21
1,2024/07/18
1,2024/07/18
3,2024/07/18
1,2024/07/18
1,2024/07/20
1,2024/07/18
2,2024/07/18
1,2024/07/20
1,2024/07/18
1,2024/07/20
1,2024/07/20
1,2024/07/18
2,2024/07/20
1,2024/07/20
1,2024/07/19
1,2024/07/18
1,2024/07/18
1,2024/07/21
1,2024/07/20
2,2024/07/18
1,2024/07/20
1,2024/07/20
2,2024/07/20
1,2024/07/28
2,2024/07/20
1,2024/07/28
2,2024/08/18
1,2024/07/18
1,2024/07/20
2,2024/07/17
2,2024/07/17
1,2024/07/17
1,2024/07/17
2,2024/07/20
2,2024/07/17
2,2024/07/17
1,2024/07/17
1,2024/07/17
2,2024/07/17
2,2024/07/21
2,2024/07/17
2,2024/07/17
2,2024/07/17
2,2024/07/17
2,2024/07/17
1,2024/08/04
1,2024/07/17
2,2024/07/21
2,2024/07/17
2,2024/07/17
1,2024/07/18
1,2024/07/17
1,2024/07/17
1,2024/07/19
1,2024/07/17
2,2024/07/17
1,2024/07/17
1,2024/07/20
2,2024/07/21
2,2024/07/17
2,2024/07/21
2,2024/07/17
3,2024/07/17
1,2024/07/27
1,2024/07/19
1,2024/07/20
2,2024/07/20
1,2024/07/20
1,2024/07/17
1,2024/07/17
2,2024/07/20
2,2024/07/16
1,2024/07/16
3,2024/07/16
1,2024/07/16
1,2024/07/27
1,2024/07/16
2,2024/07/16
2,2024/08/08
2,2024/07/18
2,2024/07/16
2,2024/07/16
1,2024/07/16
1,2024/07/16
1,2024/07/16
1,2024/07/16
1,2024/07/16
1,2024/07/16
1,2024/07/16
1,2024/07/28
1,2024/07/16
1,2024/07/19
1,2024/07/16
1,2024/07/20
1,2024/07/20
1,2024/07/16
2,2024/07/27
1,2024/07/16
1,2024/07/23
1,2024/08/31
1,2024/07/17
2,2024/07/16
2,2024/07/21
2,2024/07/27
1,2024/07/26
1,2024/07/16
2,2024/07/20
2,2024/07/20
1,2024/07/20
1,2024/07/16
2,2024/07/16
3,2024/07/16
1,2024/07/20
2,2024/07/20
1,2024/07/21
1,2024/07/20
1,2024/07/20
1,2024/07/20
2,2024/07/21
2,2024/07/20
1,2024/07/16
1,2024/07/16
2,2024/07/21
1,2024/07/27
1,2024/07/27
1,2024/07/27
1,2024/07/20
2,2024/07/27
2,2024/07/21
1,2024/07/20
2,2024/07/21
1,2024/08/27
2,2024/07/21
1,2024/07/21
2,2024/07/19
1,2024/07/21
4,2024/07/20
2,2024/08/24
1,2024/07/20
2,2024/07/20
2,2024/07/21
1,2024/07/20
1,2024/07/20
1,2024/07/21
1,2024/07/20
1,2024/08/04
2,2024/08/29
2,2024/07/16
1,2024/07/21
2,2024/07/20
2,2024/07/20
1,2024/07/13
1,2024/07/13
1,2024/07/13
1,2024/07/13
2,2024/07/13
1,2024/08/04
2,2024/07/13
1,2024/07/13
2,2024/07/13
1,2024/07/13
1,2024/07/13
2,2024/07/13
1,2024/07/13
1,2024/07/13
1,2024/07/13
1,2024/07/13
1,2024/07/13
2,2024/07/13
1,2024/08/03
1,2024/07/13
2,2024/07/13
1,2024/07/13
1,2024/07/13
2,2024/07/13
2,2024/07/13
1,2024/07/13
1,2024/07/13
2,2024/07/13
1,2024/07/13
1,2024/07/13
1,2024/07/13
1,2024/07/13
1,2024/07/13
1,2024/07/13
1,2024/07/13
1,2024/07/13
1,2024/07/13
2,2024/07/20
1,2024/07/13
2,2024/07/13
1,2024/07/13
1,2024/07/13
1,2024/07/13
2,2024/07/13
1,2024/07/13
1,2024/07/13
2,2024/07/13
2,2024/07/13
1,2024/07/13
2,2024/07/13
1,2024/07/27
2,2024/07/13
1,2024/07/13
1,2024/07/13
1,2024/07/13
1,2024/07/13
1,2024/07/13
2,2024/07/13
1,2024/07/13
2,2024/07/13
2,2024/07/13
1,2024/07/16
2,2024/07/13
1,2024/07/13
1,2024/07/13
1,2024/07/13
1,2024/07/13
1,2024/07/13
1,2024/07/13
1,2024/07/13
2,2024/07/13
1,2024/07/13
1,2024/07/13
2,2024/07/13
1,2024/07/13
1,2024/07/13
3,2024/07/13
2,2024/07/13
1,2024/07/13
1,2024/07/13
1,2024/07/13
1,2024/07/13
2,2024/07/13
1,2024/07/13
1,2024/07/13
1,2024/07/13
1,2024/07/13
1,2024/07/13
1,2024/07/13
1,2024/07/20
1,2024/07/13
2,2024/07/13
1,2024/07/13
1,2024/07/19
2,2024/07/13
1,2024/07/13
1,2024/07/13
1,2024/07/13
1,2024/07/13
1,2024/07/13
2,2024/07/13
1,2024/07/13
1,2024/07/13
1,2024/07/27
1,2024/07/13
1,2024/07/13
1,2024/07/13
1,2024/07/13
1,2024/07/13
2,2024/07/12
1,2024/07/12
1,2024/07/13
1,2024/07/13
1,2024/07/13
1,2024/07/20
1,2024/07/12
1,2024/07/12
1,2024/07/12
1,2024/07/12
2,2024/07/12
1,2024/07/13
2,2024/07/16
1,2024/07/12
1,2024/07/13
1,2024/07/13
1,2024/07/13
2,2024/07/13
1,2024/07/12
1,2024/07/13
1,2024/08/04
2,2024/07/13
1,2024/07/12
1,2024/07/20
2,2024/07/17
1,2024/07/12
1,2024/07/12
1,2024/08/06
1,2024/07/12
1,2024/07/12
1,2024/07/11
1,2024/07/11
1,2024/07/11
2,2024/07/11
1,2024/07/11
2,2024/07/11
1,2024/07/11
1,2024/07/11
1,2024/07/11
1,2024/07/11
1,2024/07/11
2,2024/07/21
1,2024/07/11
2,2024/07/11
1,2024/07/12
2,2024/07/30
1,2024/07/20
3,2024/07/11
1,2024/07/11
1,2024/07/13
2,2024/07/21
1,2024/08/04
1,2024/07/13
2,2024/07/20
1,2024/07/11
2,2024/07/20
1,2024/07/10
1,2024/07/10
1,2024/07/13
2,2024/07/10
1,2024/07/10
1,2024/07/10
2,2024/07/10
7,2024/09/04
10,2024/09/04
7,2024/09/03
1,2024/07/10
10,2024/09/03
2,2024/07/10
1,2024/07/10
1,2024/07/10
2,2024/07/13
1,2024/07/10
3,2024/07/21
1,2024/07/13
1,2024/07/10
1,2024/07/10
1,2024/07/10
1,2024/07/10
1,2024/07/19
4,2024/07/10
1,2024/07/12
3,2024/07/10
2,2024/07/13
1,2024/07/27
1,2024/07/13
1,2024/07/10
1,2024/07/13
1,2024/07/13
2,2024/07/27
1,2024/07/10
1,2024/07/10
1,2024/07/13
1,2024/07/13
1,2024/07/13
1,2024/07/11
1,2024/07/11
1,2024/08/31
1,2024/07/21
2,2024/07/13
2,2024/07/21
1,2024/07/21
2,2024/07/13
3,2024/07/13
1,2024/07/13
1,2024/07/16
2,2024/07/21
1,2024/07/13
1,2024/07/11
2,2024/07/13
1,2024/07/13
1,2024/07/13
1,2024/07/30
2,2024/07/09
1,2024/07/09
2,2024/08/03
2,2024/07/09
1,2024/07/09
2,2024/07/09
1,2024/07/09
1,2024/07/09
1,2024/07/09
2,2024/07/09
1,2024/07/09
1,2024/07/09
4,2024/07/09
1,2024/07/21
2,2024/07/25
1,2024/07/09
2,2024/07/09
2,2024/07/13
2,2024/07/10
1,2024/07/09
2,2024/07/11
1,2024/07/09
1,2024/07/09
2,2024/07/24
2,2024/07/13
1,2024/07/13
1,2024/07/20
1,2024/07/11
1,2024/08/17
3,2024/07/09
2,2024/07/20
1,2024/07/09
1,2024/07/28
1,2024/07/21
1,2024/07/13
1,2024/07/13
2,2024/08/31
1,2024/07/06
2,2024/07/06
1,2024/07/06
1,2024/07/06
2,2024/07/06
1,2024/07/06
2,2024/07/06
2,2024/07/06
2,2024/07/06
2,2024/07/13
2,2024/07/06
2,2024/07/13
2,2024/07/06
1,2024/07/21
2,2024/07/06
2,2024/07/06
2,2024/07/06
1,2024/07/06
1,2024/07/06
4,2024/07/06
1,2024/07/06
1,2024/07/06
1,2024/07/06
1,2024/07/06
4,2024/07/13
1,2024/07/06
1,2024/07/06
2,2024/07/06
2,2024/07/06
1,2024/07/06
1,2024/07/06
2,2024/07/06
1,2024/07/06
1,2024/07/06
1,2024/07/06
1,2024/07/06
1,2024/07/06
1,2024/07/06
1,2024/07/06
1,2024/07/09
1,2024/07/06
2,2024/07/06
2,2024/07/06
2,2024/07/06
1,2024/07/06
1,2024/07/06
1,2024/07/06
3,2024/07/06
1,2024/07/06
1,2024/07/06
2,2024/07/09
1,2024/07/06
3,2024/07/11
1,2024/07/06
2,2024/07/06
1,2024/07/06
1,2024/07/06
1,2024/07/05
2,2024/07/06
1,2024/07/05
1,2024/07/05
1,2024/07/05
1,2024/07/06
2,2024/07/06
1,2024/07/05
2,2024/07/05
1,2024/07/06
1,2024/07/05
1,2024/07/05
1,2024/07/06
1,2024/07/13
1,2024/07/06
1,2024/07/05
2,2024/07/13
2,2024/07/06
2,2024/07/05
2,2024/07/05
1,2024/07/05
1,2024/07/09
1,2024/07/09
2,2024/07/04
1,2024/07/04
2,2024/07/04
1,2024/07/06
2,2024/07/04
1,2024/07/04
1,2024/07/04
1,2024/07/04
4,2024/07/11
2,2024/07/04
1,2024/07/04
1,2024/07/09
1,2024/07/23
1,2024/07/06
1,2024/07/04
2,2024/07/06
1,2024/07/04
1,2024/07/04
2,2024/07/05
1,2024/07/13
1,2024/07/17
1,2024/07/17
2,2024/07/06
2,2024/07/25
2,2024/07/06
1,2024/07/04
1,2024/07/03
1,2024/07/03
1,2024/07/03
2,2024/07/03
2,2024/07/04
2,2024/07/03
2,2024/07/13
2,2024/07/03
1,2024/07/03
1,2024/07/03
2,2024/07/03
1,2024/07/03
2,2024/07/13
1,2024/07/03
2,2024/07/06
2,2024/08/03
1,2024/07/06
2,2024/07/03
1,2024/07/03
1,2024/07/03
2,2024/07/06
2,2024/08/04
2,2024/07/06
2,2024/07/12
1,2024/07/06
1,2024/07/06
2,2024/07/02
2,2024/07/02
1,2024/07/02
1,2024/07/02
2,2024/07/02
3,2024/08/31
1,2024/07/03
1,2024/07/02
2,2024/07/02
1,2024/07/02
1,2024/07/02
2,2024/07/02
1,2024/07/02
1,2024/07/02
2,2024/07/03
2,2024/07/06
2,2024/07/06
2,2024/07/06
1,2024/07/27
1,2024/07/06
1,2024/07/06
1,2024/07/13
2,2024/07/03
1,2024/07/06
1,2024/07/02
2,2024/07/02
1,2024/07/03
1,2024/07/06
5,2024/07/03
2,2024/07/06
2,2024/07/25
1,2024/07/03
2,2024/07/02
1,2024/07/06
1,2024/07/03
1,2024/07/03
2,2024/07/06
1,2024/07/06
1,2024/07/06
2,2024/07/06
1,2024/07/03
3,2024/07/12
3,2024/08/17
1,2024/07/02
2,2024/07/06
3,2024/08/20
1,2024/07/06
2,2024/07/13
2,2024/06/29
2,2024/06/29
2,2024/06/29
2,2024/06/29
1,2024/06/29
2,2024/06/29
1,2024/06/29
2,2024/06/29
1,2024/06/29
1,2024/06/29
2,2024/07/06
1,2024/06/29
1,2024/06/29
2,2024/06/29
2,2024/06/29
1,2024/06/29
2,2024/06/29
1,2024/06/29
2,2024/06/29
2,2024/06/29
2,2024/06/29
1,2024/06/29
1,2024/06/29
1,2024/06/29
1,2024/06/29
1,2024/06/29
2,2024/06/29
2,2024/06/29
6,2024/07/02
2,2024/06/29
2,2024/06/29
2,2024/06/29
1,2024/06/29
1,2024/06/29
2,2024/06/29
1,2024/06/29
1,2024/06/29
1,2024/07/02
2,2024/06/29
1,2024/06/29
2,2024/06/29
2,2024/06/29
2,2024/06/29
1,2024/06/29
3,2024/06/29
1,2024/07/06
1,2024/06/29
2,2024/06/29
2,2024/06/29
1,2024/06/29
1,2024/06/29
1,2024/06/29
2,2024/06/29
4,2024/07/21
2,2024/06/29
2,2024/07/06
1,2024/06/29
2,2024/06/29
1,2024/06/29
2,2024/07/06
3,2024/06/29
1,2024/06/29
1,2024/06/29
1,2024/06/28
2,2024/07/06
1,2024/06/28
2,2024/06/28
1,2024/06/28
2,2024/06/28
1,2024/06/28
1,2024/07/02
1,2024/06/29
2,2024/06/28
2,2024/06/29
2,2024/06/28
2,2024/06/29
1,2024/06/28
1,2024/07/21
1,2024/06/28
1,2024/07/06
2,2024/07/06
1,2024/06/29
2,2024/06/29
1,2024/06/29
1,2024/06/28
1,2024/06/29
1,2024/07/13
1,2024/06/28
2,2024/06/29
1,2024/06/29
1,2024/06/29
1,2024/06/28
1,2024/06/27
2,2024/06/28
1,2024/06/28
2,2024/06/27
4,2024/06/27
1,2024/06/27
1,2024/06/27
1,2024/06/27
1,2024/06/27
2,2024/06/27
1,2024/06/27
1,2024/06/29
1,2024/06/27
1,2024/07/06
2,2024/06/27
2,2024/06/27
1,2024/06/27
2,2024/06/29
2,2024/06/27
1,2024/06/29
1,2024/06/29
3,2024/07/06
2,2024/06/29
3,2024/06/27
1,2024/06/30
1,2024/06/30
1,2024/06/30
1,2024/06/27
1,2024/06/26
1,2024/06/29
1,2024/06/27
1,2024/06/29
3,2024/07/06
1,2024/06/29
2,2024/06/26
2,2024/06/26
1,2024/06/26
1,2024/06/26
2,2024/06/29
2,2024/06/26
1,2024/06/26
1,2024/06/26
1,2024/06/26
1,2024/06/29
1,2024/06/29
1,2024/06/29
1,2024/06/28
1,2024/06/29
2,2024/06/29
2,2024/06/26
2,2024/06/27
1,2024/07/20
2,2024/06/29
2,2024/06/25
1,2024/06/25
1,2024/06/25
1,2024/06/29
1,2024/06/25
1,2024/06/25
1,2024/06/25
1,2024/06/29
1,2024/06/25
1,2024/06/29
1,2024/06/25
1,2024/06/25
1,2024/06/29
1,2024/06/25
1,2024/06/29
1,2024/06/25
1,2024/06/26
2,2024/06/29
1,2024/06/25
1,2024/06/25
1,2024/06/25
1,2024/06/26
1,2024/06/29
4,2024/07/12
4,2024/07/12
2,2024/06/29
1,2024/06/29
8,2024/06/29
1,2024/06/29
1,2024/06/29
2,2024/06/25
1,2024/07/04
1,2024/06/29
1,2024/06/29
2,2024/06/29
1,2024/06/29
2,2024/07/06
2,2024/07/06
1,2024/07/13
2,2024/06/25
1,2024/07/06
2,2024/06/25
2,2024/06/25
1,2024/06/25
1,2024/06/28
2,2024/06/29
1,2024/06/29
1,2024/08/17
3,2024/07/27
2,2024/06/29
2,2024/06/29
1,2024/06/29
1,2024/06/29
4,2024/06/27
2,2024/06/29
1,2024/06/22
2,2024/06/22
2,2024/06/22
2,2024/06/22
1,2024/06/22
1,2024/06/22
2,2024/06/22
1,2024/06/22
2,2024/06/22
1,2024/06/22
1,2024/06/22
1,2024/06/22
1,2024/06/22
2,2024/06/22
2,2024/06/22
2,2024/06/22
1,2024/06/22
1,2024/06/22
1,2024/06/22
1,2024/06/22
1,2024/06/22
1,2024/06/22
2,2024/06/22
2,2024/06/22
2,2024/06/22
2,2024/06/29
2,2024/06/22
2,2024/06/22
1,2024/06/22
1,2024/06/22
1,2024/06/22
1,2024/06/22
1,2024/06/22
1,2024/06/22
1,2024/06/22
1,2024/06/22
1,2024/06/22
1,2024/07/06
2,2024/06/22
1,2024/06/22
1,2024/06/22
1,2024/06/22
1,2024/06/22
1,2024/06/22
2,2024/06/22
1,2024/06/22
2,2024/06/22
1,2024/06/22
1,2024/06/22
2,2024/06/22
2,2024/06/22
2,2024/06/22
2,2024/06/22
1,2024/06/22
2,2024/06/22
2,2024/06/22
1,2024/06/22
1,2024/06/22
1,2024/06/22
2,2024/06/22
1,2024/06/22
1,2024/06/22
2,2024/06/21
2,2024/06/21
1,2024/06/21
1,2024/06/22
1,2024/06/22
1,2024/06/21
2,2024/06/29
1,2024/06/21
1,2024/06/21
1,2024/06/21
1,2024/06/21
1,2024/06/22
1,2024/06/21
1,2024/06/21
1,2024/06/22
1,2024/06/22
2,2024/06/22
1,2024/06/21
1,2024/06/21
1,2024/06/22
2,2024/06/22
1,2024/06/21
1,2024/06/22
1,2024/07/06
1,2024/06/21
1,2024/06/29
2,2024/06/22
1,2024/06/22
2,2024/06/22
1,2024/06/22
2,2024/06/20
1,2024/06/22
1,2024/06/20
1,2024/06/20
1,2024/06/20
1,2024/06/20
1,2024/06/20
1,2024/06/20
1,2024/06/20
2,2024/06/20
1,2024/06/22
1,2024/06/20
1,2024/06/20
1,2024/06/21
1,2024/06/20
1,2024/06/22
1,2024/06/20
1,2024/06/20
1,2024/06/22
1,2024/06/22
1,2024/06/20
1,2024/06/20
2,2024/06/21
1,2024/06/20
2,2024/06/22
2,2024/06/22
2,2024/06/22
1,2024/06/20
2,2024/06/22
2,2024/07/06
1,2024/06/22
2,2024/06/22
2,2024/06/19
1,2024/06/19
1,2024/06/20
1,2024/06/22
1,2024/06/19
1,2024/06/19
1,2024/06/19
1,2024/06/21
1,2024/06/19
3,2024/06/19
1,2024/06/19
1,2024/06/19
1,2024/06/19
2,2024/06/22
2,2024/06/29
1,2024/06/19
4,2024/06/22
1,2024/06/19
2,2024/06/22
2,2024/06/22
2,2024/06/19
1,2024/06/19
1,2024/06/18
1,2024/06/18
2,2024/06/19
2,2024/06/18
1,2024/06/18
1,2024/06/20
2,2024/06/25
1,2024/06/18
1,2024/06/18
1,2024/06/18
1,2024/06/18
1,2024/06/18
2,2024/06/18
1,2024/06/22
1,2024/06/18
2,2024/06/18
2,2024/06/18
2,2024/06/22
2,2024/06/22
1,2024/06/18
1,2024/06/20
1,2024/06/18
1,2024/06/21
3,2024/07/06
2,2024/06/18
2,2024/06/18
1,2024/06/21
1,2024/06/18
1,2024/06/18
1,2024/06/18
2,2024/06/22
2,2024/06/22
2,2024/06/27
1,2024/07/13
1,2024/06/18
1,2024/06/18
2,2024/06/22
1,2024/06/22
1,2024/06/29
2,2024/06/22
2,2024/06/22
2,2024/06/21
1,2024/06/22
2,2024/06/22
1,2024/06/19
1,2024/06/15
1,2024/06/15
2,2024/06/15
2,2024/06/15
1,2024/06/15
1,2024/06/15
1,2024/06/15
1,2024/06/15
1,2024/06/15
1,2024/06/15
1,2024/06/15
1,2024/06/15
1,2024/06/15
2,2024/06/15
1,2024/06/15
2,2024/06/15
1,2024/06/15
1,2024/06/15
1,2024/06/15
2,2024/06/15
2,2024/06/15
1,2024/06/15
2,2024/06/15
1,2024/06/15
1,2024/06/15
1,2024/06/15
2,2024/06/15
2,2024/06/15
1,2024/06/15
1,2024/06/15
2,2024/06/15
1,2024/06/15
1,2024/06/22
1,2024/06/15
1,2024/06/15
1,2024/06/15
1,2024/06/15
2,2024/06/15
1,2024/06/15
1,2024/06/15
2,2024/06/15
1,2024/06/15
1,2024/06/15
2,2024/06/15
2,2024/06/15
1,2024/06/15
1,2024/06/15
2,2024/06/15
1,2024/06/15
1,2024/06/15
1,2024/06/15
1,2024/06/15
2,2024/06/15
1,2024/06/15
1,2024/06/15
1,2024/06/15
1,2024/06/15
1,2024/06/15
1,2024/06/15
1,2024/06/15
2,2024/06/15
1,2024/06/15
1,2024/06/15
1,2024/06/15
2,2024/06/15
1,2024/06/15
1,2024/06/15
1,2024/06/15
1,2024/06/15
2,2024/06/15
2,2024/06/15
2,2024/06/15
1,2024/06/15
2,2024/06/15
1,2024/06/15
2,2024/06/15
1,2024/06/15
1,2024/06/15
2,2024/06/15
1,2024/06/15
2,2024/07/13
1,2024/06/15
1,2024/06/20
2,2024/06/15
3,2024/06/15
1,2024/06/15
1,2024/06/14
1,2024/06/15
1,2024/06/14
1,2024/06/14
2,2024/06/14
2,2024/06/14
1,2024/06/14
1,2024/06/14
2,2024/06/15
1,2024/06/14
1,2024/06/15
1,2024/06/14
1,2024/06/22
1,2024/06/14
1,2024/06/14
1,2024/06/15
1,2024/06/15
1,2024/06/14
2,2024/06/14
1,2024/06/15
2,2024/07/02
1,2024/06/22
2,2024/06/14
1,2024/06/15
2,2024/06/15
1,2024/06/15
1,2024/06/14
1,2024/06/14
2,2024/06/15
1,2024/06/22
2,2024/06/15
1,2024/06/14
2,2024/06/15
3,2024/07/13
1,2024/06/15
1,2024/06/14
1,2024/06/15
3,2024/06/15
1,2024/06/14
2,2024/06/15
1,2024/06/13
2,2024/06/13
1,2024/06/13
1,2024/06/13
2,2024/06/13
2,2024/06/13
1,2024/06/13
1,2024/06/13
2,2024/06/21
1,2024/06/13
1,2024/06/13
1,2024/06/13
1,2024/06/13
1,2024/06/13
1,2024/06/13
1,2024/06/13
1,2024/07/06
2,2024/06/15
1,2024/06/13
2,2024/06/15
1,2024/06/15
1,2024/06/15
1,2024/06/18
1,2024/07/20
2,2024/06/15
2,2024/06/15
1,2024/06/22
2,2024/06/15
1,2024/06/15
1,2024/06/15
1,2024/06/13
1,2024/06/12
1,2024/06/12
1,2024/06/12
2,2024/06/12
1,2024/06/29
2,2024/06/12
2,2024/07/02
1,2024/06/12
1,2024/06/13
1,2024/06/12
1,2024/06/12
2,2024/06/13
2,2024/06/12
2,2024/06/15
1,2024/06/12
1,2024/06/12
1,2024/06/12
1,2024/06/12
2,2024/06/12
1,2024/06/20
1,2024/06/22
1,2024/06/12
1,2024/06/12
1,2024/06/12
1,2024/06/29
1,2024/06/12
2,2024/06/15
2,2024/06/13
1,2024/06/15
1,2024/06/11
1,2024/06/11
2,2024/06/11
2,2024/06/12
2,2024/06/15
1,2024/06/15
1,2024/06/11
2,2024/06/14
1,2024/06/12
1,2024/06/12
2,2024/06/11
1,2024/06/11
1,2024/06/11
2,2024/06/13
1,2024/06/12
1,2024/06/15
1,2024/06/11
1,2024/06/11
1,2024/06/22
1,2024/06/15
1,2024/06/11
1,2024/06/15
1,2024/06/22
2,2024/06/12
1,2024/06/11
1,2024/06/15
1,2024/06/15
3,2024/06/29
2,2024/06/11
2,2024/06/11
2,2024/06/15
2,2024/06/11
2,2024/06/11
2,2024/06/15
2,2024/07/12
2,2024/06/15
2,2024/06/15
2,2024/06/29
1,2024/06/12
2,2024/06/15
1,2024/06/15
1,2024/06/22
2,2024/06/22
1,2024/07/20
1,2024/07/10
1,2024/06/15
1,2024/06/29
1,2024/06/22
3,2024/06/29
1,2024/06/22
2,2024/06/15
2,2024/06/15
2,2024/06/15
1,2024/06/15
1,2024/06/15
1,2024/06/15
1,2024/06/15
1,2024/06/15
1,2024/06/15
2,2024/06/15
1,2024/06/29
2,2024/06/15
1,2024/06/22
1,2024/06/15
1,2024/06/12
1,2024/06/13
1,2024/06/13
1,2024/06/11
1,2024/06/15
1,2024/06/11
2,2024/06/08
2,2024/06/08
1,2024/06/08
2,2024/06/08
2,2024/06/08
1,2024/06/08
1,2024/06/08
3,2024/06/08
2,2024/06/08
2,2024/06/08
2,2024/06/08
1,2024/06/08
1,2024/06/08
1,2024/06/08
2,2024/06/08
2,2024/06/08
1,2024/06/08
1,2024/06/08
2,2024/06/08
1,2024/06/12
1,2024/06/08
1,2024/06/08
1,2024/06/08
1,2024/06/08
2,2024/06/08
1,2024/06/08
1,2024/06/08
1,2024/06/08
1,2024/06/08
2,2024/06/08
1,2024/06/22
2,2024/06/08
1,2024/06/08
1,2024/06/08
1,2024/06/08
1,2024/06/08
1,2024/06/08
1,2024/06/08
2,2024/06/08
2,2024/06/08
1,2024/06/08
2,2024/06/08
1,2024/06/08
2,2024/06/08
1,2024/06/08
1,2024/06/15
2,2024/06/18
2,2024/06/08
2,2024/06/08
1,2024/06/08
1,2024/06/08
1,2024/06/08
1,2024/06/08
2,2024/06/08
2,2024/06/08
2,2024/06/08
2,2024/06/08
2,2024/06/22
2,2024/06/08
2,2024/06/08
1,2024/06/08
1,2024/06/08
1,2024/06/08
1,2024/06/08
1,2024/06/08
2,2024/06/08
2,2024/06/08
1,2024/06/08
1,2024/06/08
1,2024/06/08
2,2024/06/15
1,2024/06/13
2,2024/06/15
1,2024/08/03
2,2024/06/08
2,2024/06/08
2,2024/06/08
1,2024/06/08
1,2024/06/08
2,2024/06/08
2,2024/06/20
3,2024/06/08
1,2024/06/13
1,2024/06/08
2,2024/06/08
1,2024/06/07
1,2024/06/07
2,2024/06/08
1,2024/06/07
3,2024/06/07
1,2024/06/07
1,2024/06/07
2,2024/06/07
1,2024/06/07
1,2024/06/08
1,2024/06/08
2,2024/06/07
1,2024/06/07
1,2024/06/15
1,2024/06/07
1,2024/06/07
1,2024/06/08
1,2024/06/07
1,2024/06/15
1,2024/06/29
1,2024/06/08
2,2024/06/07
1,2024/06/07
2,2024/06/07
1,2024/06/07
1,2024/06/08
2,2024/06/08
1,2024/06/07
1,2024/06/08
1,2024/06/07
2,2024/06/07
1,2024/06/08
1,2024/06/08
2,2024/06/14
1,2024/06/07
1,2024/06/07
1,2024/06/07
1,2024/06/11
1,2024/06/08
1,2024/06/08
1,2024/06/08
1,2024/06/08
2,2024/06/12
3,2024/06/08
1,2024/06/08
1,2024/06/07
1,2024/06/15
2,2024/06/08
2,2024/06/08
1,2024/06/08
1,2024/06/08
1,2024/06/06
2,2024/06/06
1,2024/06/06
1,2024/06/15
1,2024/06/06
1,2024/06/06
2,2024/06/06
2,2024/06/22
2,2024/06/08
1,2024/06/15
1,2024/06/06
1,2024/06/06
1,2024/06/06
1,2024/06/08
1,2024/06/08
1,2024/06/06
1,2024/06/06
1,2024/06/06
1,2024/06/06
1,2024/06/19
1,2024/06/06
2,2024/06/06
1,2024/06/08
1,2024/06/08
1,2024/06/08
1,2024/06/08
2,2024/06/06
1,2024/06/08
1,2024/06/06
1,2024/08/03
1,2024/06/06
2,2024/06/08
1,2024/06/08
1,2024/06/22
2,2024/06/08
2,2024/06/07
2,2024/06/05
2,2024/06/08
2,2024/06/05
1,2024/06/05
1,2024/06/05
1,2024/06/08
2,2024/06/05
2,2024/06/05
1,2024/06/08
1,2024/06/08
2,2024/06/05
1,2024/06/08
2,2024/06/05
1,2024/06/22
2,2024/06/05
1,2024/06/08
1,2024/06/05
1,2024/06/08
1,2024/06/22
1,2024/06/05
1,2024/06/05
2,2024/06/05
2,2024/06/05
2,2024/06/15
1,2024/06/05
2,2024/06/12
1,2024/06/08
1,2024/06/07
1,2024/06/08
1,2024/06/08
1,2024/06/08
2,2024/06/08
1,2024/06/08
1,2024/06/08
1,2024/06/08
2,2024/06/08
1,2024/06/14
1,2024/06/08
2,2024/06/15
1,2024/06/08
1,2024/07/13
2,2024/06/08
2,2024/06/22
2,2024/06/08
1,2024/06/04
2,2024/06/04
1,2024/06/04
2,2024/06/04
1,2024/06/04
1,2024/06/04
2,2024/06/04
1,2024/06/04
1,2024/06/04
1,2024/06/04
1,2024/06/04
1,2024/06/04
1,2024/06/08
1,2024/06/05
2,2024/06/04
2,2024/06/04
2,2024/06/08
1,2024/06/04
2,2024/06/08
1,2024/06/04
1,2024/06/14
1,2024/06/04
1,2024/06/08
1,2024/06/04
1,2024/06/04
1,2024/06/08
1,2024/06/08
2,2024/06/08
1,2024/06/08
1,2024/06/13
1,2024/06/08
1,2024/06/08
1,2024/06/04
2,2024/06/04
1,2024/06/13
1,2024/06/13
1,2024/06/13
2,2024/06/05
1,2024/06/13
1,2024/07/13
2,2024/06/06
1,2024/06/04
1,2024/06/06
2,2024/06/05
2,2024/06/06
2,2024/06/08
1,2024/06/06
1,2024/06/04
1,2024/06/05
2,2024/06/04
2,2024/06/05
2,2024/06/04
2,2024/06/04
2,2024/06/08
1,2024/06/08
2,2024/06/27
2,2024/06/04
1,2024/06/14
2,2024/06/07
1,2024/06/07
1,2024/06/07
1,2024/06/08
1,2024/06/22
2,2024/06/22
1,2024/06/08
2,2024/06/04
1,2024/06/04
1,2024/06/15
2,2024/07/04
1,2024/06/08
1,2024/06/04
2,2024/06/08
1,2024/06/08
2,2024/06/05
1,2024/06/22
1,2024/06/08
1,2024/06/08
1,2024/06/06
1,2024/06/04
1,2024/06/08
1,2024/06/15
2,2024/06/26
2,2024/06/08
1,2024/06/08
1,2024/06/08
1,2024/06/15
1,2024/06/08
1,2024/06/01
1,2024/06/08
1,2024/06/15
1,2024/06/01
1,2024/07/06
1,2024/06/01
1,2024/06/01
1,2024/06/01
1,2024/06/01
2,2024/06/15
1,2024/06/01
1,2024/06/08
1,2024/06/01
1,2024/06/01
1,2024/06/01
1,2024/06/01
1,2024/06/01
2,2024/06/01
2,2024/06/01
2,2024/06/01
1,2024/06/01
2,2024/06/01
1,2024/06/01
2,2024/06/01
1,2024/06/08
2,2024/06/06
2,2024/06/01
2,2024/06/06
2,2024/06/01
2,2024/06/01
1,2024/06/04
5,2024/06/01
1,2024/06/01
1,2024/06/01
2,2024/06/01
1,2024/06/01
2,2024/06/01
1,2024/06/01
1,2024/06/01
2,2024/06/01
2,2024/06/01
2,2024/06/01
2,2024/06/01
1,2024/06/07
1,2024/06/01
1,2024/06/01
1,2024/06/01
1,2024/06/01
1,2024/06/01
1,2024/06/08
2,2024/07/13
1,2024/06/08
2,2024/06/15
1,2024/06/08
1,2024/06/08
2,2024/06/08
1,2024/06/08
1,2024/06/01
1,2024/06/07
1,2024/06/15
1,2024/06/15
1,2024/06/01
2,2024/06/01
1,2024/06/04
1,2024/06/08
1,2024/06/01
1,2024/06/07
2,2024/06/19
1,2024/06/04
2,2024/06/15
1,2024/06/08
1,2024/06/04
1,2024/06/07
1,2024/06/07
1,2024/06/01
1,2024/06/11
2,2024/06/08
1,2024/06/05
2,2024/06/15
2,2024/06/01
1,2024/06/01
1,2024/06/01
1,2024/06/04
2,2024/06/13
1,2024/06/08
1,2024/06/15
2,2024/06/08
2,2024/06/01
1,2024/06/01
1,2024/06/01
1,2024/06/29
1,2024/06/08
1,2024/06/01
2,2024/06/13
1,2024/06/05
2,2024/06/01
1,2024/06/29
1,2024/06/04
1,2024/06/08
1,2024/06/15
2,2024/06/01
2,2024/06/29
1,2024/06/08
1,2024/06/08
2,2024/06/15
1,2024/06/15
2,2024/06/01
1,2024/06/01
1,2024/06/08
1,2024/06/01
2,2024/06/01
1,2024/06/04
1,2024/06/06
1,2024/06/01
1,2024/06/01
1,2024/06/01
1,2024/06/22
1,2024/06/01
2,2024/06/01
1,2024/06/22
1,2024/06/06
2,2024/06/01
1,2024/06/15
1,2024/06/06
2,2024/06/22
1,2024/06/01
2,2024/06/04
1,2024/06/11
1,2024/06/04
1,2024/06/01
1,2024/06/08
2,2024/06/08
1,2024/06/08
1,2024/06/04
2,2024/06/14
1,2024/07/25
1,2024/06/21
2,2024/06/01
1,2024/06/04
1,2024/06/01
1,2024/06/08
1,2024/06/01
1,2024/06/01
2,2024/06/08
1,2024/06/01
2,2024/06/01
1,2024/06/01
1,2024/06/29
1,2024/06/15
1,2024/06/08
1,2024/06/01
1,2024/06/01
1,2024/06/15
1,2024/06/08
2,2024/06/29
1,2024/06/01
2,2024/06/01
1,2024/06/29
1,2024/06/08
1,2024/06/01
1,2024/06/04
1,2024/06/01
1,2024/06/15
1,2024/06/01
2,2024/06/15
1,2024/06/08
2,2024/06/01
1,2024/06/15
1,2024/06/07
4,2024/06/01
1,2024/06/08
1,2024/06/15
1,2024/06/08
2,2024/06/22
1,2024/06/01
1,2024/06/08
1,2024/06/08
1,2024/06/08
1,2024/06/01
2,2024/06/08
1,2024/06/04
1,2024/06/01
1,2024/06/08
2,2024/06/01
2,2024/06/08
1,2024/06/06
1,2024/06/04
2,2024/06/01
2,2024/06/08
1,2024/06/01
1,2024/06/08
1,2024/06/01
2,2024/06/01
1,2024/06/05
2,2024/06/01
1,2024/06/08
1,2024/06/01
1,2024/06/08
1,2024/06/05
1,2024/06/08
1,2024/06/22
1,2024/06/08
1,2024/06/01
2,2024/06/29
1,2024/06/01
1,2024/06/25
1,2024/06/25
1,2024/06/01
1,2024/06/08
1,2024/06/01
1,2024/06/04
1,2024/06/01
1,2024/06/01
2,2024/06/01
1,2024/06/01
1,2024/06/04
1,2024/07/13
1,2024/06/01
1,2024/06/08
1,2024/06/01
1,2024/06/01
1,2024/06/08
1,2024/06/08
1,2024/06/01
2,2024/06/01
2,2024/06/01
1,2024/06/08
2,2024/06/08
2,2024/06/07
1,2024/06/01
1,2024/06/04
2,2024/07/16
1,2024/06/15
2,2024/06/08
2,2024/06/29
1,2024/06/29
1,2024/06/01
1,2024/06/08
2,2024/06/08
1,2024/06/08
1,2024/06/08
1,2024/06/07
1,2024/06/01
1,2024/06/29
2,2024/06/08
1,2024/06/01
1,2024/06/29
2,2024/06/22
1,2024/06/22
1,2024/06/08
1,2024/06/01
3,2024/06/01
1,2024/06/15
1,2024/06/01
1,2024/06/08
1,2024/06/12
1,2024/07/16
2,2024/06/29
1,2024/06/18
2,2024/06/01
1,2024/06/01
2,2024/06/08
1,2024/06/21
1,2024/06/08
1,2024/06/08
1,2024/06/04
1,2024/06/01
1,2024/06/05
2,2024/06/01
1,2024/06/08
2,2024/06/29
2,2024/06/01
2,2024/06/15
1,2024/06/21
2,2024/06/08
1,2024/06/01
2,2024/06/29
2,2024/06/08
1,2024/06/04
1,2024/06/01
1,2024/06/01
1,2024/06/12
2,2024/06/01
1,2024/06/01
1,2024/06/08
1,2024/06/15
1,2024/06/01
1,2024/06/08
1,2024/06/01
1,2024/06/01
2,2024/06/01
1,2024/06/01
2,2024/06/01
1,2024/06/01
2,2024/06/01
2,2024/06/01
2,2024/06/01
2,2024/06/01
1,2024/06/01
1,2024/06/08
1,2024/06/05
1,2024/06/01
1,2024/06/01
2,2024/06/01
1,2024/06/06
2,2024/06/01
2,2024/06/08
1,2024/06/01
2,2024/06/01
1,2024/06/01
